Datetime,Open,High,Low,Close,Volume,Dividends,Stock Splits
2024-01-05 09:30:00-05:00,181.99000549316406,182.10499572753906,181.75,181.80960083007812,3040916,0.0,0.0
2024-01-05 09:31:00-05:00,181.7899932861328,182.16000366210938,181.7899932861328,182.139892578125,292188,0.0,0.0
2024-01-05 09:32:00-05:00,182.13499450683594,182.49000549316406,182.11000061035156,182.33999633789062,297092,0.0,0.0
2024-01-05 09:33:00-05:00,182.35000610351562,182.47999572753906,182.2899932861328,182.3300018310547,265357,0.0,0.0
2024-01-05 09:34:00-05:00,182.33250427246094,182.49000549316406,182.1999969482422,182.47999572753906,219990,0.0,0.0
2024-01-05 09:35:00-05:00,182.4875030517578,182.66000366210938,182.47000122070312,182.6199951171875,615228,0.0,0.0
2024-01-05 09:36:00-05:00,182.61000061035156,182.6999969482422,182.48500061035156,182.67999267578125,206391,0.0,0.0
2024-01-05 09:37:00-05:00,182.6750030517578,182.75,182.37109375,182.42529296875,250648,0.0,0.0
2024-01-05 09:38:00-05:00,182.42999267578125,182.60000610351562,182.39999389648438,182.55999755859375,177084,0.0,0.0
2024-01-05 09:39:00-05:00,182.5399932861328,182.75999450683594,182.39999389648438,182.4199981689453,333547,0.0,0.0
2024-01-05 09:40:00-05:00,182.42750549316406,182.4499969482422,182.1699981689453,182.2899932861328,254259,0.0,0.0
2024-01-05 09:41:00-05:00,182.2899932861328,182.44000244140625,182.24000549316406,182.3300018310547,144083,0.0,0.0
2024-01-05 09:42:00-05:00,182.3177947998047,182.3249969482422,182.0800018310547,182.139892578125,160548,0.0,0.0
2024-01-05 09:43:00-05:00,182.13999938964844,182.13999938964844,181.9499969482422,182.0399932861328,181157,0.0,0.0
2024-01-05 09:44:00-05:00,182.02999877929688,182.13999938964844,181.9600067138672,182.0,145744,0.0,0.0
2024-01-05 09:45:00-05:00,181.98500061035156,182.28250122070312,181.97999572753906,182.19500732421875,181941,0.0,0.0
2024-01-05 09:46:00-05:00,182.17999267578125,182.17999267578125,182.05999755859375,182.1300048828125,118102,0.0,0.0
2024-01-05 09:47:00-05:00,182.12420654296875,182.1699981689453,182.02999877929688,182.13999938964844,100353,0.0,0.0
2024-01-05 09:48:00-05:00,182.13999938964844,182.13999938964844,181.82249450683594,181.91029357910156,179841,0.0,0.0
2024-01-05 09:49:00-05:00,181.9149932861328,182.00999450683594,181.77999877929688,182.00999450683594,182985,0.0,0.0
2024-01-05 09:50:00-05:00,182.00999450683594,182.1199951171875,181.98500061035156,182.02999877929688,172319,0.0,0.0
2024-01-05 09:51:00-05:00,182.02999877929688,182.20889282226562,182.02000427246094,182.11500549316406,165147,0.0,0.0
2024-01-05 09:52:00-05:00,182.125,182.25999450683594,182.08999633789062,182.11500549316406,108022,0.0,0.0
2024-01-05 09:53:00-05:00,182.11000061035156,182.14999389648438,181.99000549316406,182.00999450683594,152577,0.0,0.0
2024-01-05 09:54:00-05:00,182.02000427246094,182.0699005126953,181.8300018310547,181.86000061035156,186822,0.0,0.0
2024-01-05 09:55:00-05:00,181.85830688476562,181.88099670410156,181.75999450683594,181.8300018310547,184616,0.0,0.0
2024-01-05 09:56:00-05:00,181.83489990234375,181.9199981689453,181.72000122070312,181.82000732421875,132371,0.0,0.0
2024-01-05 09:57:00-05:00,181.81500244140625,181.8699951171875,181.75399780273438,181.76199340820312,127731,0.0,0.0
2024-01-05 09:58:00-05:00,181.76710510253906,181.77000427246094,181.55999755859375,181.60000610351562,146025,0.0,0.0
2024-01-05 09:59:00-05:00,181.59500122070312,181.69000244140625,181.52000427246094,181.69000244140625,151796,0.0,0.0
2024-01-05 10:00:00-05:00,181.7100067138672,182.03990173339844,181.6999969482422,181.85000610351562,278240,0.0,0.0
2024-01-05 10:01:00-05:00,181.8699951171875,182.1300048828125,181.8699951171875,182.08999633789062,221673,0.0,0.0
2024-01-05 10:02:00-05:00,182.08999633789062,182.24000549316406,182.05999755859375,182.22999572753906,199120,0.0,0.0
2024-01-05 10:03:00-05:00,182.22000122070312,182.39999389648438,182.15499877929688,182.38999938964844,185060,0.0,0.0
2024-01-05 10:04:00-05:00,182.38499450683594,182.4250030517578,182.27000427246094,182.4250030517578,128289,0.0,0.0
2024-01-05 10:05:00-05:00,182.42999267578125,182.47999572753906,182.3300018310547,182.33999633789062,196234,0.0,0.0
2024-01-05 10:06:00-05:00,182.35000610351562,182.49000549316406,182.3300018310547,182.41000366210938,150138,0.0,0.0
2024-01-05 10:07:00-05:00,182.38999938964844,182.42999267578125,182.33999633789062,182.4199981689453,120055,0.0,0.0
2024-01-05 10:08:00-05:00,182.43499755859375,182.47000122070312,182.24000549316406,182.25,164486,0.0,0.0
2024-01-05 10:09:00-05:00,182.25,182.30999755859375,182.14999389648438,182.3000030517578,132033,0.0,0.0
2024-01-05 10:10:00-05:00,182.30889892578125,182.33999633789062,182.02999877929688,182.18499755859375,241757,0.0,0.0
2024-01-05 10:11:00-05:00,182.17999267578125,182.27000427246094,182.1300048828125,182.14999389648438,149368,0.0,0.0
2024-01-05 10:12:00-05:00,182.14999389648438,182.34500122070312,182.13999938964844,182.28500366210938,123439,0.0,0.0
2024-01-05 10:13:00-05:00,182.27999877929688,182.3000030517578,181.9600067138672,182.0070037841797,239586,0.0,0.0
2024-01-05 10:14:00-05:00,182.00999450683594,182.27000427246094,182.00999450683594,182.2449951171875,137391,0.0,0.0
2024-01-05 10:15:00-05:00,182.25,182.27000427246094,181.9600067138672,181.9857940673828,143245,0.0,0.0
2024-01-05 10:16:00-05:00,181.97999572753906,181.99000549316406,181.80999755859375,181.86500549316406,169123,0.0,0.0
2024-01-05 10:17:00-05:00,181.875,181.88999938964844,181.72999572753906,181.81500244140625,124148,0.0,0.0
2024-01-05 10:18:00-05:00,181.82000732421875,181.9499969482422,181.75999450683594,181.94000244140625,136442,0.0,0.0
2024-01-05 10:19:00-05:00,181.94500732421875,182.05990600585938,181.85000610351562,181.99000549316406,102517,0.0,0.0
2024-01-05 10:20:00-05:00,181.97999572753906,182.02999877929688,181.82000732421875,181.86000061035156,138461,0.0,0.0
2024-01-05 10:21:00-05:00,181.86000061035156,182.0,181.86000061035156,181.97000122070312,66200,0.0,0.0
2024-01-05 10:22:00-05:00,181.97500610351562,182.07000732421875,181.96499633789062,182.05760192871094,98773,0.0,0.0
2024-01-05 10:23:00-05:00,182.05999755859375,182.1199951171875,182.0050048828125,182.0050048828125,105818,0.0,0.0
2024-01-05 10:24:00-05:00,182.0050048828125,182.08999633789062,181.9700927734375,182.07000732421875,93862,0.0,0.0
2024-01-05 10:25:00-05:00,182.05999755859375,182.1573944091797,182.0500030517578,182.1573944091797,111960,0.0,0.0
2024-01-05 10:26:00-05:00,182.15499877929688,182.19000244140625,181.9499969482422,182.08120727539062,125544,0.0,0.0
2024-01-05 10:27:00-05:00,182.08999633789062,182.10000610351562,182.02000427246094,182.08999633789062,82407,0.0,0.0
2024-01-05 10:28:00-05:00,182.08999633789062,182.15809631347656,182.0500030517578,182.13499450683594,87645,0.0,0.0
2024-01-05 10:29:00-05:00,182.1300048828125,182.13499450683594,182.02999877929688,182.07000732421875,67006,0.0,0.0
2024-01-05 10:30:00-05:00,182.06629943847656,182.11500549316406,181.96499633789062,182.00559997558594,77670,0.0,0.0
2024-01-05 10:31:00-05:00,182.00999450683594,182.17999267578125,182.0,182.16000366210938,91289,0.0,0.0
2024-01-05 10:32:00-05:00,182.1750030517578,182.2050018310547,182.05999755859375,182.07000732421875,141008,0.0,0.0
2024-01-05 10:33:00-05:00,182.05999755859375,182.1300048828125,182.02000427246094,182.10000610351562,73938,0.0,0.0
2024-01-05 10:34:00-05:00,182.09890747070312,182.27999877929688,182.0800018310547,182.25999450683594,118976,0.0,0.0
2024-01-05 10:35:00-05:00,182.25999450683594,182.3000030517578,182.19000244140625,182.2283935546875,113448,0.0,0.0
2024-01-05 10:36:00-05:00,182.22689819335938,182.38999938964844,182.22000122070312,182.3386993408203,90595,0.0,0.0
2024-01-05 10:37:00-05:00,182.35000610351562,182.41000366210938,182.3300018310547,182.34300231933594,108966,0.0,0.0
2024-01-05 10:38:00-05:00,182.34500122070312,182.39999389648438,182.30999755859375,182.38999938964844,75098,0.0,0.0
2024-01-05 10:39:00-05:00,182.38999938964844,182.44000244140625,182.3000030517578,182.3350067138672,117064,0.0,0.0
2024-01-05 10:40:00-05:00,182.3300018310547,182.3699951171875,182.25999450683594,182.30999755859375,92950,0.0,0.0
2024-01-05 10:41:00-05:00,182.30999755859375,182.30999755859375,182.22999572753906,182.30999755859375,80206,0.0,0.0
2024-01-05 10:42:00-05:00,182.30999755859375,182.46499633789062,182.30999755859375,182.4600067138672,143070,0.0,0.0
2024-01-05 10:43:00-05:00,182.46499633789062,182.46499633789062,182.30499267578125,182.39999389648438,77399,0.0,0.0
2024-01-05 10:44:00-05:00,182.3925018310547,182.47999572753906,182.3845977783203,182.47500610351562,86779,0.0,0.0
2024-01-05 10:45:00-05:00,182.47000122070312,182.63499450683594,182.4499969482422,182.63499450683594,271984,0.0,0.0
2024-01-05 10:46:00-05:00,182.6300048828125,182.639892578125,182.49000549316406,182.51499938964844,145545,0.0,0.0
2024-01-05 10:47:00-05:00,182.51499938964844,182.59539794921875,182.47999572753906,182.5,107369,0.0,0.0
2024-01-05 10:48:00-05:00,182.49000549316406,182.5800018310547,182.4600067138672,182.56500244140625,145007,0.0,0.0
2024-01-05 10:49:00-05:00,182.56500244140625,182.5800018310547,182.50999450683594,182.57009887695312,49304,0.0,0.0
2024-01-05 10:50:00-05:00,182.5800018310547,182.58729553222656,182.47999572753906,182.47999572753906,64765,0.0,0.0
2024-01-05 10:51:00-05:00,182.49000549316406,182.5988006591797,182.4499969482422,182.57000732421875,80621,0.0,0.0
2024-01-05 10:52:00-05:00,182.57000732421875,182.6300048828125,182.5399932861328,182.55499267578125,104902,0.0,0.0
2024-01-05 10:53:00-05:00,182.55850219726562,182.60499572753906,182.52130126953125,182.52499389648438,55909,0.0,0.0
2024-01-05 10:54:00-05:00,182.52020263671875,182.58990478515625,182.49000549316406,182.57200622558594,69677,0.0,0.0
2024-01-05 10:55:00-05:00,182.5780029296875,182.6199951171875,182.5500030517578,182.55499267578125,119244,0.0,0.0
2024-01-05 10:56:00-05:00,182.55499267578125,182.56500244140625,182.42999267578125,182.45989990234375,86015,0.0,0.0
2024-01-05 10:57:00-05:00,182.4600067138672,182.5,182.42999267578125,182.4499969482422,61107,0.0,0.0
2024-01-05 10:58:00-05:00,182.4499969482422,182.55999755859375,182.4499969482422,182.55999755859375,58290,0.0,0.0
2024-01-05 10:59:00-05:00,182.55499267578125,182.64999389648438,182.5399932861328,182.64999389648438,75620,0.0,0.0
2024-01-05 11:00:00-05:00,182.66000366210938,182.67999267578125,182.61500549316406,182.64999389648438,80529,0.0,0.0
2024-01-05 11:01:00-05:00,182.64500427246094,182.72500610351562,182.60000610351562,182.72500610351562,121091,0.0,0.0
2024-01-05 11:02:00-05:00,182.72500610351562,182.72999572753906,182.6649932861328,182.71499633789062,71382,0.0,0.0
2024-01-05 11:03:00-05:00,182.7174072265625,182.72999572753906,182.6616973876953,182.6999969482422,89447,0.0,0.0
2024-01-05 11:04:00-05:00,182.68499755859375,182.69000244140625,182.55990600585938,182.63999938964844,95790,0.0,0.0
2024-01-05 11:05:00-05:00,182.63999938964844,182.74000549316406,182.6199951171875,182.64999389648438,120379,0.0,0.0
2024-01-05 11:06:00-05:00,182.64999389648438,182.6999969482422,182.5399932861328,182.55999755859375,111177,0.0,0.0
2024-01-05 11:07:00-05:00,182.55999755859375,182.58999633789062,182.33999633789062,182.481201171875,186995,0.0,0.0
2024-01-05 11:08:00-05:00,182.49000549316406,182.52999877929688,182.44000244140625,182.518798828125,65222,0.0,0.0
2024-01-05 11:09:00-05:00,182.52000427246094,182.5800018310547,182.52000427246094,182.52999877929688,53779,0.0,0.0
2024-01-05 11:10:00-05:00,182.52000427246094,182.5399932861328,182.44500732421875,182.47000122070312,48816,0.0,0.0
2024-01-05 11:11:00-05:00,182.47999572753906,182.6649932861328,182.4700927734375,182.6649932861328,74136,0.0,0.0
2024-01-05 11:12:00-05:00,182.6699981689453,182.69000244140625,182.6300048828125,182.64500427246094,76473,0.0,0.0
2024-01-05 11:13:00-05:00,182.63999938964844,182.6887969970703,182.60000610351562,182.60499572753906,53893,0.0,0.0
2024-01-05 11:14:00-05:00,182.61000061035156,182.66000366210938,182.58999633789062,182.61000061035156,30890,0.0,0.0
2024-01-05 11:15:00-05:00,182.61000061035156,182.63760375976562,182.5800018310547,182.5850067138672,41626,0.0,0.0
2024-01-05 11:16:00-05:00,182.58999633789062,182.6374053955078,182.55999755859375,182.59109497070312,57034,0.0,0.0
2024-01-05 11:17:00-05:00,182.59869384765625,182.59869384765625,182.46499633789062,182.47500610351562,74731,0.0,0.0
2024-01-05 11:18:00-05:00,182.48500061035156,182.49000549316406,182.13999938964844,182.22000122070312,181740,0.0,0.0
2024-01-05 11:19:00-05:00,182.22999572753906,182.27999877929688,182.17010498046875,182.17999267578125,115667,0.0,0.0
2024-01-05 11:20:00-05:00,182.18850708007812,182.1999969482422,182.02999877929688,182.0399932861328,105058,0.0,0.0
2024-01-05 11:21:00-05:00,182.0500030517578,182.19000244140625,182.0500030517578,182.12989807128906,65206,0.0,0.0
2024-01-05 11:23:00-05:00,182.0850067138672,182.0850067138672,182.00999450683594,182.02999877929688,182760,0.0,0.0
2024-01-05 11:24:00-05:00,182.02999877929688,182.1300048828125,182.00999450683594,182.0800018310547,93032,0.0,0.0
2024-01-05 11:25:00-05:00,182.0850067138672,182.1699981689453,182.07000732421875,182.07850646972656,76567,0.0,0.0
2024-01-05 11:26:00-05:00,182.07000732421875,182.1649932861328,182.06500244140625,182.14500427246094,53023,0.0,0.0
2024-01-05 11:27:00-05:00,182.13999938964844,182.16000366210938,182.0948028564453,182.0948028564453,55472,0.0,0.0
2024-01-05 11:28:00-05:00,182.08999633789062,182.1248016357422,182.07000732421875,182.11000061035156,70237,0.0,0.0
2024-01-05 11:29:00-05:00,182.10000610351562,182.10499572753906,182.05999755859375,182.0876007080078,88922,0.0,0.0
2024-01-05 11:30:00-05:00,182.0800018310547,182.1999969482422,182.0800018310547,182.19920349121094,96774,0.0,0.0
2024-01-05 11:31:00-05:00,182.19500732421875,182.20249938964844,182.11500549316406,182.15499877929688,80631,0.0,0.0
2024-01-05 11:32:00-05:00,182.14990234375,182.17999267578125,182.1199951171875,182.1699981689453,52605,0.0,0.0
2024-01-05 11:33:00-05:00,182.1699981689453,182.17999267578125,182.13499450683594,182.15989685058594,40252,0.0,0.0
2024-01-05 11:34:00-05:00,182.1584014892578,182.1699981689453,182.0800018310547,182.16000366210938,42062,0.0,0.0
2024-01-05 11:35:00-05:00,182.15570068359375,182.19500732421875,182.13499450683594,182.19000244140625,56975,0.0,0.0
2024-01-05 11:36:00-05:00,182.19000244140625,182.1999969482422,182.16879272460938,182.1739044189453,40398,0.0,0.0
2024-01-05 11:37:00-05:00,182.1750030517578,182.17999267578125,182.13999938964844,182.16000366210938,50309,0.0,0.0
2024-01-05 11:38:00-05:00,182.16009521484375,182.17840576171875,182.11000061035156,182.1199951171875,53591,0.0,0.0
2024-01-05 11:39:00-05:00,182.1199951171875,182.22000122070312,182.1199951171875,182.1999969482422,55694,0.0,0.0
2024-01-05 11:40:00-05:00,182.1999053955078,182.1999969482422,182.14999389648438,182.14999389648438,40052,0.0,0.0
2024-01-05 11:41:00-05:00,182.14999389648438,182.16000366210938,182.07000732421875,182.16000366210938,63354,0.0,0.0
2024-01-05 11:42:00-05:00,182.16000366210938,182.19000244140625,182.1199951171875,182.1699981689453,47944,0.0,0.0
2024-01-05 11:43:00-05:00,182.1699981689453,182.17880249023438,182.04010009765625,182.08999633789062,60098,0.0,0.0
2024-01-05 11:44:00-05:00,182.09500122070312,182.0977020263672,182.0500030517578,182.05670166015625,32638,0.0,0.0
2024-01-05 11:45:00-05:00,182.05999755859375,182.10000610351562,182.0200958251953,182.0800018310547,48201,0.0,0.0
2024-01-05 11:46:00-05:00,182.07989501953125,182.1199951171875,182.0749969482422,182.08160400390625,47998,0.0,0.0
2024-01-05 11:47:00-05:00,182.0749969482422,182.1300048828125,182.02000427246094,182.02000427246094,96712,0.0,0.0
2024-01-05 11:48:00-05:00,182.02999877929688,182.0399932861328,181.94000244140625,181.95989990234375,152128,0.0,0.0
2024-01-05 11:49:00-05:00,181.9586944580078,182.00999450683594,181.91009521484375,182.0050048828125,52908,0.0,0.0
2024-01-05 11:50:00-05:00,182.00999450683594,182.17999267578125,182.0050048828125,182.16000366210938,85668,0.0,0.0
2024-01-05 11:51:00-05:00,182.16000366210938,182.16000366210938,182.05499267578125,182.13999938964844,65428,0.0,0.0
2024-01-05 11:52:00-05:00,182.1300048828125,182.14999389648438,182.09500122070312,182.14999389648438,48620,0.0,0.0
2024-01-05 11:53:00-05:00,182.16000366210938,182.1699981689453,182.11000061035156,182.14999389648438,32661,0.0,0.0
2024-01-05 11:54:00-05:00,182.14999389648438,182.2100067138672,182.14010620117188,182.1750030517578,65141,0.0,0.0
2024-01-05 11:55:00-05:00,182.1719970703125,182.22500610351562,182.12010192871094,182.22000122070312,51444,0.0,0.0
2024-01-05 11:56:00-05:00,182.22000122070312,182.22500610351562,182.10130310058594,182.10130310058594,72275,0.0,0.0
2024-01-05 11:57:00-05:00,182.1053009033203,182.1199951171875,182.02999877929688,182.07260131835938,67509,0.0,0.0
2024-01-05 11:58:00-05:00,182.07000732421875,182.10000610351562,182.0399932861328,182.0673065185547,37419,0.0,0.0
2024-01-05 11:59:00-05:00,182.05999755859375,182.11000061035156,182.0500030517578,182.10220336914062,33794,0.0,0.0
2024-01-05 12:00:00-05:00,182.11000061035156,182.13499450683594,182.06500244140625,182.10000610351562,116478,0.0,0.0
2024-01-05 12:01:00-05:00,182.11000061035156,182.14999389648438,182.08999633789062,182.1300048828125,62368,0.0,0.0
2024-01-05 12:02:00-05:00,182.125,182.14999389648438,182.10499572753906,182.1376953125,83528,0.0,0.0
2024-01-05 12:03:00-05:00,182.13499450683594,182.1999969482422,182.11000061035156,182.19619750976562,61355,0.0,0.0
2024-01-05 12:04:00-05:00,182.18499755859375,182.22000122070312,182.10000610351562,182.110107421875,73585,0.0,0.0
2024-01-05 12:05:00-05:00,182.10000610351562,182.10000610351562,182.02000427246094,182.0301055908203,58512,0.0,0.0
2024-01-05 12:06:00-05:00,182.02999877929688,182.02999877929688,181.98989868164062,181.9949951171875,66449,0.0,0.0
2024-01-05 12:07:00-05:00,181.9969940185547,182.0041961669922,181.86000061035156,181.9199981689453,85652,0.0,0.0
2024-01-05 12:08:00-05:00,181.92820739746094,181.93829345703125,181.66000366210938,181.71800231933594,166502,0.0,0.0
2024-01-05 12:09:00-05:00,181.7100067138672,181.72000122070312,181.61500549316406,181.63999938964844,108202,0.0,0.0
2024-01-05 12:10:00-05:00,181.63999938964844,181.66000366210938,181.57000732421875,181.61000061035156,135750,0.0,0.0
2024-01-05 12:11:00-05:00,181.602294921875,181.64500427246094,181.55250549316406,181.625,89300,0.0,0.0
2024-01-05 12:12:00-05:00,181.6199951171875,181.7100067138672,181.5800018310547,181.62899780273438,104834,0.0,0.0
2024-01-05 12:13:00-05:00,181.625,181.7100067138672,181.58599853515625,181.70680236816406,61988,0.0,0.0
2024-01-05 12:14:00-05:00,181.7050018310547,181.77000427246094,181.67999267578125,181.68499755859375,81718,0.0,0.0
2024-01-05 12:15:00-05:00,181.69000244140625,181.8300018310547,181.65499877929688,181.80999755859375,70448,0.0,0.0
2024-01-05 12:16:00-05:00,181.8065948486328,181.88999938964844,181.8000030517578,181.86129760742188,65490,0.0,0.0
2024-01-05 12:17:00-05:00,181.86000061035156,181.86500549316406,181.77000427246094,181.7801971435547,159986,0.0,0.0
2024-01-05 12:18:00-05:00,181.78500366210938,181.8000030517578,181.7100067138672,181.76499938964844,48930,0.0,0.0
2024-01-05 12:19:00-05:00,181.75999450683594,181.7899932861328,181.72999572753906,181.74000549316406,40134,0.0,0.0
2024-01-05 12:20:00-05:00,181.74000549316406,181.8000030517578,181.6199951171875,181.7100067138672,121953,0.0,0.0
2024-01-05 12:21:00-05:00,181.72000122070312,181.7200927734375,181.64999389648438,181.6649932861328,41001,0.0,0.0
2024-01-05 12:22:00-05:00,181.66009521484375,181.66990661621094,181.61000061035156,181.66000366210938,87137,0.0,0.0
2024-01-05 12:23:00-05:00,181.66000366210938,181.67999267578125,181.55999755859375,181.60000610351562,91563,0.0,0.0
2024-01-05 12:24:00-05:00,181.60499572753906,181.6199951171875,181.46029663085938,181.4799041748047,141489,0.0,0.0
2024-01-05 12:25:00-05:00,181.47500610351562,181.5800018310547,181.47500610351562,181.5399932861328,90505,0.0,0.0
2024-01-05 12:26:00-05:00,181.5399932861328,181.5399932861328,181.3800048828125,181.4199981689453,109640,0.0,0.0
2024-01-05 12:27:00-05:00,181.4250030517578,181.52999877929688,181.4250030517578,181.5050048828125,108638,0.0,0.0
2024-01-05 12:28:00-05:00,181.5050048828125,181.52499389648438,181.38499450683594,181.4199981689453,73804,0.0,0.0
2024-01-05 12:29:00-05:00,181.4199981689453,181.42010498046875,181.32000732421875,181.36500549316406,115976,0.0,0.0
2024-01-05 12:30:00-05:00,181.36000061035156,181.44000244140625,181.27999877929688,181.38999938964844,108854,0.0,0.0
2024-01-05 12:31:00-05:00,181.3800048828125,181.47999572753906,181.35000610351562,181.47500610351562,65885,0.0,0.0
2024-01-05 12:32:00-05:00,181.47000122070312,181.5050048828125,181.42999267578125,181.46009826660156,61437,0.0,0.0
2024-01-05 12:33:00-05:00,181.47500610351562,181.4799041748047,181.38999938964844,181.42730712890625,67175,0.0,0.0
2024-01-05 12:34:00-05:00,181.42999267578125,181.4600067138672,181.360107421875,181.41000366210938,55357,0.0,0.0
2024-01-05 12:35:00-05:00,181.40899658203125,181.55999755859375,181.39999389648438,181.55250549316406,74729,0.0,0.0
2024-01-05 12:36:00-05:00,181.5428924560547,181.61000061035156,181.50999450683594,181.60000610351562,86493,0.0,0.0
2024-01-05 12:37:00-05:00,181.59500122070312,181.6999969482422,181.5850067138672,181.68499755859375,78784,0.0,0.0
2024-01-05 12:38:00-05:00,181.69000244140625,181.6999969482422,181.61000061035156,181.61880493164062,84237,0.0,0.0
2024-01-05 12:39:00-05:00,181.60499572753906,181.67120361328125,181.58999633789062,181.6699981689453,60163,0.0,0.0
2024-01-05 12:40:00-05:00,181.66000366210938,181.7187957763672,181.64500427246094,181.71359252929688,57193,0.0,0.0
2024-01-05 12:41:00-05:00,181.71499633789062,181.80499267578125,181.710205078125,181.7801055908203,64185,0.0,0.0
2024-01-05 12:42:00-05:00,181.77999877929688,181.8000030517578,181.75,181.75,74504,0.0,0.0
2024-01-05 12:43:00-05:00,181.7550048828125,181.82000732421875,181.7550048828125,181.8000946044922,65479,0.0,0.0
2024-01-05 12:44:00-05:00,181.80499267578125,181.80999755859375,181.75,181.7845001220703,46270,0.0,0.0
2024-01-05 12:45:00-05:00,181.77999877929688,181.82000732421875,181.77000427246094,181.77999877929688,165843,0.0,0.0
2024-01-05 12:46:00-05:00,181.77999877929688,181.7899932861328,181.6699981689453,181.69000244140625,85079,0.0,0.0
2024-01-05 12:47:00-05:00,181.68980407714844,181.68980407714844,181.58999633789062,181.63009643554688,95404,0.0,0.0
2024-01-05 12:48:00-05:00,181.63999938964844,181.66000366210938,181.5749969482422,181.63999938964844,68061,0.0,0.0
2024-01-05 12:49:00-05:00,181.63870239257812,181.65989685058594,181.5800018310547,181.58999633789062,63515,0.0,0.0
2024-01-05 12:50:00-05:00,181.59500122070312,181.77499389648438,181.5800018310547,181.75,79367,0.0,0.0
2024-01-05 12:51:00-05:00,181.76199340820312,181.86000061035156,181.76199340820312,181.8188018798828,70049,0.0,0.0
2024-01-05 12:52:00-05:00,181.80999755859375,181.82769775390625,181.72430419921875,181.73019409179688,45413,0.0,0.0
2024-01-05 12:53:00-05:00,181.73500061035156,181.8000030517578,181.7100067138672,181.7899932861328,57846,0.0,0.0
2024-01-05 12:54:00-05:00,181.77999877929688,181.7949981689453,181.7449951171875,181.76499938964844,30563,0.0,0.0
2024-01-05 12:55:00-05:00,181.76499938964844,181.77499389648438,181.7100067138672,181.7449951171875,33362,0.0,0.0
2024-01-05 12:56:00-05:00,181.74000549316406,181.7949981689453,181.71499633789062,181.7949981689453,54409,0.0,0.0
2024-01-05 12:57:00-05:00,181.7899932861328,181.7899932861328,181.64500427246094,181.64999389648438,64714,0.0,0.0
2024-01-05 12:58:00-05:00,181.64999389648438,181.72999572753906,181.64500427246094,181.6699981689453,71760,0.0,0.0
2024-01-05 12:59:00-05:00,181.6750030517578,181.6750030517578,181.58999633789062,181.58999633789062,55741,0.0,0.0
2024-01-05 13:00:00-05:00,181.5933074951172,181.60000610351562,181.47500610351562,181.57000732421875,91303,0.0,0.0
2024-01-05 13:01:00-05:00,181.5800018310547,181.60000610351562,181.47000122070312,181.50999450683594,60590,0.0,0.0
2024-01-05 13:02:00-05:00,181.50999450683594,181.52000427246094,181.36500549316406,181.3699951171875,127535,0.0,0.0
2024-01-05 13:03:00-05:00,181.3800048828125,181.38999938964844,181.22999572753906,181.26499938964844,139846,0.0,0.0
2024-01-05 13:04:00-05:00,181.27000427246094,181.33999633789062,181.2100067138672,181.32000732421875,109810,0.0,0.0
2024-01-05 13:05:00-05:00,181.3300018310547,181.4499969482422,181.27999877929688,181.42999267578125,88228,0.0,0.0
2024-01-05 13:06:00-05:00,181.43499755859375,181.47999572753906,181.3800048828125,181.47999572753906,58773,0.0,0.0
2024-01-05 13:07:00-05:00,181.4709930419922,181.5399932861328,181.44000244140625,181.53419494628906,37938,0.0,0.0
2024-01-05 13:08:00-05:00,181.5399932861328,181.61500549316406,181.46499633789062,181.49000549316406,69242,0.0,0.0
2024-01-05 13:09:00-05:00,181.4788055419922,181.49000549316406,181.41209411621094,181.4600067138672,31539,0.0,0.0
2024-01-05 13:10:00-05:00,181.4550018310547,181.55999755859375,181.4398956298828,181.47000122070312,43412,0.0,0.0
2024-01-05 13:11:00-05:00,181.47000122070312,181.5,181.38999938964844,181.4199981689453,57847,0.0,0.0
2024-01-05 13:12:00-05:00,181.4300994873047,181.4600067138672,181.3699951171875,181.3800048828125,43099,0.0,0.0
2024-01-05 13:13:00-05:00,181.3800048828125,181.3800048828125,181.3000030517578,181.3699951171875,78832,0.0,0.0
2024-01-05 13:14:00-05:00,181.39500427246094,181.39999389648438,181.32000732421875,181.3300018310547,80716,0.0,0.0
2024-01-05 13:15:00-05:00,181.34500122070312,181.48829650878906,181.32000732421875,181.46499633789062,72830,0.0,0.0
2024-01-05 13:16:00-05:00,181.4600067138672,181.4600067138672,181.32000732421875,181.32000732421875,66160,0.0,0.0
2024-01-05 13:17:00-05:00,181.32000732421875,181.4149932861328,181.27499389648438,181.38499450683594,77326,0.0,0.0
2024-01-05 13:18:00-05:00,181.3852996826172,181.40499877929688,181.3000030517578,181.30999755859375,81914,0.0,0.0
2024-01-05 13:19:00-05:00,181.30499267578125,181.39999389648438,181.30499267578125,181.38400268554688,57498,0.0,0.0
2024-01-05 13:20:00-05:00,181.38999938964844,181.55999755859375,181.38999938964844,181.5447998046875,115090,0.0,0.0
2024-01-05 13:21:00-05:00,181.5399932861328,181.61000061035156,181.52000427246094,181.52999877929688,69551,0.0,0.0
2024-01-05 13:22:00-05:00,181.52999877929688,181.5800018310547,181.51300048828125,181.5449981689453,51352,0.0,0.0
2024-01-05 13:23:00-05:00,181.5399932861328,181.5800018310547,181.5,181.5399932861328,67168,0.0,0.0
2024-01-05 13:24:00-05:00,181.5399932861328,181.5800018310547,181.50579833984375,181.5500030517578,53973,0.0,0.0
2024-01-05 13:25:00-05:00,181.5399932861328,181.63999938964844,181.52999877929688,181.59500122070312,91887,0.0,0.0
2024-01-05 13:26:00-05:00,181.59109497070312,181.61000061035156,181.55999755859375,181.56500244140625,45671,0.0,0.0
2024-01-05 13:27:00-05:00,181.55999755859375,181.64999389648438,181.50999450683594,181.6300048828125,58043,0.0,0.0
2024-01-05 13:28:00-05:00,181.6300048828125,181.73500061035156,181.6300048828125,181.6999969482422,83590,0.0,0.0
2024-01-05 13:29:00-05:00,181.69000244140625,181.75999450683594,181.6699981689453,181.74000549316406,60140,0.0,0.0
2024-01-05 13:30:00-05:00,181.7449951171875,181.9499969482422,181.7415008544922,181.94000244140625,130319,0.0,0.0
2024-01-05 13:31:00-05:00,181.94000244140625,181.9550018310547,181.85000610351562,181.92010498046875,99694,0.0,0.0
2024-01-05 13:32:00-05:00,181.9250030517578,181.94000244140625,181.8323974609375,181.84500122070312,61258,0.0,0.0
2024-01-05 13:33:00-05:00,181.83999633789062,181.8415069580078,181.7711944580078,181.8188018798828,55607,0.0,0.0
2024-01-05 13:34:00-05:00,181.82000732421875,181.89999389648438,181.814697265625,181.88999938964844,58654,0.0,0.0
2024-01-05 13:35:00-05:00,181.88999938964844,181.90499877929688,181.80499267578125,181.81199645996094,65614,0.0,0.0
2024-01-05 13:36:00-05:00,181.81500244140625,181.89999389648438,181.8076934814453,181.89500427246094,44314,0.0,0.0
2024-01-05 13:37:00-05:00,181.88999938964844,181.94000244140625,181.8800048828125,181.88999938964844,39895,0.0,0.0
2024-01-05 13:38:00-05:00,181.88999938964844,181.9499969482422,181.87010192871094,181.87010192871094,99669,0.0,0.0
2024-01-05 13:39:00-05:00,181.8800048828125,181.98989868164062,181.8699951171875,181.95140075683594,105588,0.0,0.0
2024-01-05 13:40:00-05:00,181.9499969482422,181.97999572753906,181.83999633789062,181.8719024658203,125894,0.0,0.0
2024-01-05 13:41:00-05:00,181.8800048828125,181.9600067138672,181.8800048828125,181.93499755859375,75801,0.0,0.0
2024-01-05 13:42:00-05:00,181.94000244140625,181.99000549316406,181.92999267578125,181.96499633789062,93492,0.0,0.0
2024-01-05 13:43:00-05:00,181.96499633789062,181.99000549316406,181.9499969482422,181.9600067138672,64693,0.0,0.0
2024-01-05 13:44:00-05:00,181.9600067138672,182.0,181.94000244140625,181.9949951171875,78398,0.0,0.0
2024-01-05 13:45:00-05:00,182.0,182.11709594726562,182.0,182.09689331054688,164782,0.0,0.0
2024-01-05 13:46:00-05:00,182.09500122070312,182.14999389648438,182.07000732421875,182.14999389648438,107726,0.0,0.0
2024-01-05 13:47:00-05:00,182.15499877929688,182.1649932861328,182.07000732421875,182.0749969482422,72640,0.0,0.0
2024-01-05 13:48:00-05:00,182.07000732421875,182.13499450683594,182.07000732421875,182.11349487304688,37626,0.0,0.0
2024-01-05 13:49:00-05:00,182.11749267578125,182.13999938964844,182.08999633789062,182.13999938964844,46668,0.0,0.0
2024-01-05 13:50:00-05:00,182.13499450683594,182.16000366210938,182.08270263671875,182.08270263671875,48057,0.0,0.0
2024-01-05 13:51:00-05:00,182.08999633789062,182.1199951171875,182.0500030517578,182.11000061035156,85225,0.0,0.0
2024-01-05 13:52:00-05:00,182.11000061035156,182.1699981689453,182.10000610351562,182.15499877929688,52312,0.0,0.0
2024-01-05 13:53:00-05:00,182.15499877929688,182.22999572753906,182.13999938964844,182.1699981689453,95466,0.0,0.0
2024-01-05 13:54:00-05:00,182.15499877929688,182.18499755859375,182.125,182.1741943359375,60957,0.0,0.0
2024-01-05 13:55:00-05:00,182.1667022705078,182.2100067138672,182.1199951171875,182.1929931640625,88047,0.0,0.0
2024-01-05 13:56:00-05:00,182.19500732421875,182.2100067138672,182.0500030517578,182.0800018310547,82519,0.0,0.0
2024-01-05 13:57:00-05:00,182.0998992919922,182.1199951171875,182.07000732421875,182.0749969482422,47014,0.0,0.0
2024-01-05 13:58:00-05:00,182.07000732421875,182.08999633789062,182.05999755859375,182.0749969482422,45290,0.0,0.0
2024-01-05 13:59:00-05:00,182.07000732421875,182.07749938964844,182.0200958251953,182.03500366210938,38357,0.0,0.0
2024-01-05 14:00:00-05:00,182.03500366210938,182.09500122070312,182.02999877929688,182.0915069580078,45263,0.0,0.0
2024-01-05 14:01:00-05:00,182.08999633789062,182.08999633789062,182.04010009765625,182.05999755859375,65387,0.0,0.0
2024-01-05 14:02:00-05:00,182.07000732421875,182.11500549316406,182.02999877929688,182.0749969482422,58564,0.0,0.0
2024-01-05 14:03:00-05:00,182.07000732421875,182.10499572753906,182.02999877929688,182.0552978515625,46936,0.0,0.0
2024-01-05 14:04:00-05:00,182.05999755859375,182.10000610351562,182.05499267578125,182.05499267578125,59963,0.0,0.0
2024-01-05 14:05:00-05:00,182.05029296875,182.08839416503906,182.00999450683594,182.0800018310547,58797,0.0,0.0
2024-01-05 14:06:00-05:00,182.08999633789062,182.11090087890625,182.0399932861328,182.07000732421875,37393,0.0,0.0
2024-01-05 14:07:00-05:00,182.0749969482422,182.16000366210938,182.0500030517578,182.1302032470703,58686,0.0,0.0
2024-01-05 14:08:00-05:00,182.1300048828125,182.1699981689453,182.10499572753906,182.15499877929688,54446,0.0,0.0
2024-01-05 14:09:00-05:00,182.16000366210938,182.1649932861328,182.0800018310547,182.0977020263672,78499,0.0,0.0
2024-01-05 14:10:00-05:00,182.09500122070312,182.10000610351562,182.02999877929688,182.0399932861328,109543,0.0,0.0
2024-01-05 14:11:00-05:00,182.0399932861328,182.0500030517578,181.99000549316406,182.01499938964844,68009,0.0,0.0
2024-01-05 14:12:00-05:00,182.01499938964844,182.04859924316406,181.97999572753906,181.9949951171875,64067,0.0,0.0
2024-01-05 14:13:00-05:00,181.99000549316406,182.0399932861328,181.97000122070312,181.97000122070312,58516,0.0,0.0
2024-01-05 14:14:00-05:00,181.96620178222656,182.139892578125,181.9499969482422,182.11599731445312,71127,0.0,0.0
2024-01-05 14:15:00-05:00,182.11500549316406,182.17999267578125,181.02999877929688,181.17999267578125,1017385,0.0,0.0
2024-01-05 14:16:00-05:00,181.17999267578125,181.4499969482422,181.02999877929688,181.25999450683594,766173,0.0,0.0
2024-01-05 14:17:00-05:00,181.27000427246094,181.58999633789062,181.0399932861328,181.0399932861328,601826,0.0,0.0
2024-01-05 14:18:00-05:00,181.0399932861328,181.08999633789062,180.4199981689453,180.56939697265625,859813,0.0,0.0
2024-01-05 14:19:00-05:00,180.5800018310547,181.19000244140625,180.55499267578125,180.83999633789062,553119,0.0,0.0
2024-01-05 14:20:00-05:00,180.83999633789062,181.1699981689453,180.66000366210938,180.9929962158203,358308,0.0,0.0
2024-01-05 14:21:00-05:00,181.00999450683594,181.02999877929688,180.61000061035156,180.97999572753906,381602,0.0,0.0
2024-01-05 14:22:00-05:00,180.99000549316406,181.1300048828125,180.75999450683594,180.86500549316406,382448,0.0,0.0
2024-01-05 14:23:00-05:00,180.86500549316406,181.05999755859375,180.61000061035156,180.80499267578125,302246,0.0,0.0
2024-01-05 14:24:00-05:00,180.80999755859375,181.00999450683594,180.67999267578125,180.9674072265625,245577,0.0,0.0
2024-01-05 14:25:00-05:00,180.97129821777344,181.03990173339844,180.74000549316406,180.91000366210938,246578,0.0,0.0
2024-01-05 14:26:00-05:00,180.9149932861328,181.3000030517578,180.88999938964844,181.25999450683594,333697,0.0,0.0
2024-01-05 14:27:00-05:00,181.25999450683594,181.27999877929688,180.97000122070312,181.03179931640625,234802,0.0,0.0
2024-01-05 14:28:00-05:00,181.039306640625,181.0399932861328,180.82000732421875,180.9499969482422,229113,0.0,0.0
2024-01-05 14:29:00-05:00,180.9499053955078,181.17999267578125,180.92999267578125,181.1199951171875,181956,0.0,0.0
2024-01-05 14:30:00-05:00,181.11000061035156,181.2100067138672,181.0800018310547,181.2100067138672,153455,0.0,0.0
2024-01-05 14:31:00-05:00,181.2100067138672,181.35000610351562,181.0800018310547,181.1199951171875,267573,0.0,0.0
2024-01-05 14:32:00-05:00,181.11000061035156,181.16000366210938,181.00999450683594,181.10000610351562,158266,0.0,0.0
2024-01-05 14:33:00-05:00,181.08999633789062,181.22999572753906,181.08999633789062,181.1815948486328,112880,0.0,0.0
2024-01-05 14:34:00-05:00,181.17999267578125,181.30999755859375,181.1750030517578,181.25999450683594,113251,0.0,0.0
2024-01-05 14:35:00-05:00,181.26480102539062,181.38999938964844,181.1699981689453,181.22000122070312,264212,0.0,0.0
2024-01-05 14:36:00-05:00,181.22000122070312,181.3800048828125,181.1999969482422,181.29010009765625,125267,0.0,0.0
2024-01-05 14:37:00-05:00,181.2899932861328,181.33999633789062,181.1300048828125,181.1699981689453,141921,0.0,0.0
2024-01-05 14:38:00-05:00,181.16000366210938,181.27000427246094,181.13999938964844,181.16310119628906,98566,0.0,0.0
2024-01-05 14:39:00-05:00,181.15989685058594,181.2100067138672,181.0500030517578,181.0749969482422,288537,0.0,0.0
2024-01-05 14:40:00-05:00,181.05999755859375,181.0800018310547,180.9199981689453,180.9550018310547,168173,0.0,0.0
2024-01-05 14:41:00-05:00,180.9600067138672,181.02670288085938,180.8896026611328,180.98489379882812,147623,0.0,0.0
2024-01-05 14:42:00-05:00,181.0,181.1199951171875,180.97999572753906,181.02000427246094,116257,0.0,0.0
2024-01-05 14:43:00-05:00,181.02000427246094,181.08160400390625,181.0,181.0800018310547,101896,0.0,0.0
2024-01-05 14:44:00-05:00,181.0850067138672,181.11000061035156,181.02000427246094,181.08999633789062,86173,0.0,0.0
2024-01-05 14:45:00-05:00,181.08999633789062,181.10000610351562,180.97000122070312,180.97999572753906,99051,0.0,0.0
2024-01-05 14:46:00-05:00,180.97140502929688,181.07000732421875,180.9499969482422,181.02000427246094,101357,0.0,0.0
2024-01-05 14:47:00-05:00,181.02000427246094,181.13999938964844,180.94000244140625,180.94000244140625,113056,0.0,0.0
2024-01-05 14:48:00-05:00,180.9488067626953,180.97999572753906,180.8336944580078,180.85000610351562,123326,0.0,0.0
2024-01-05 14:49:00-05:00,180.8520050048828,180.9499969482422,180.83999633789062,180.88999938964844,87291,0.0,0.0
2024-01-05 14:50:00-05:00,180.88999938964844,180.92999267578125,180.8000030517578,180.8000030517578,83329,0.0,0.0
2024-01-05 14:51:00-05:00,180.80929565429688,180.80929565429688,180.60000610351562,180.6501007080078,164944,0.0,0.0
2024-01-05 14:52:00-05:00,180.66000366210938,180.75,180.66000366210938,180.7100067138672,117040,0.0,0.0
2024-01-05 14:53:00-05:00,180.72000122070312,180.77000427246094,180.6699981689453,180.6945037841797,107236,0.0,0.0
2024-01-05 14:54:00-05:00,180.68499755859375,180.6999969482422,180.61000061035156,180.64999389648438,140720,0.0,0.0
2024-01-05 14:55:00-05:00,180.64999389648438,180.72999572753906,180.60000610351562,180.63999938964844,135342,0.0,0.0
2024-01-05 14:56:00-05:00,180.63999938964844,180.69000244140625,180.61000061035156,180.67840576171875,120137,0.0,0.0
2024-01-05 14:57:00-05:00,180.6699981689453,180.6750030517578,180.5,180.5050048828125,131736,0.0,0.0
2024-01-05 14:58:00-05:00,180.50999450683594,180.60000610351562,180.50770568847656,180.5697021484375,93522,0.0,0.0
2024-01-05 14:59:00-05:00,180.57000732421875,180.57000732421875,180.4700927734375,180.48500061035156,131603,0.0,0.0
2024-01-05 15:00:00-05:00,180.49000549316406,180.5,180.4600067138672,180.47999572753906,158287,0.0,0.0
2024-01-05 15:01:00-05:00,180.4799041748047,180.5500030517578,180.42999267578125,180.46499633789062,170656,0.0,0.0
2024-01-05 15:02:00-05:00,180.46499633789062,180.4875946044922,180.38999938964844,180.47500610351562,160824,0.0,0.0
2024-01-05 15:03:00-05:00,180.47500610351562,180.5,180.3000030517578,180.31500244140625,294192,0.0,0.0
2024-01-05 15:04:00-05:00,180.30999755859375,180.3699951171875,180.27000427246094,180.3000030517578,166273,0.0,0.0
2024-01-05 15:05:00-05:00,180.27999877929688,180.47000122070312,180.2700958251953,180.47000122070312,151393,0.0,0.0
2024-01-05 15:06:00-05:00,180.47500610351562,180.52000427246094,180.4001007080078,180.5,112940,0.0,0.0
2024-01-05 15:07:00-05:00,180.49839782714844,180.52999877929688,180.36500549316406,180.375,115190,0.0,0.0
2024-01-05 15:08:00-05:00,180.37010192871094,180.44000244140625,180.36000061035156,180.4116973876953,68867,0.0,0.0
2024-01-05 15:09:00-05:00,180.4149932861328,180.47999572753906,180.39500427246094,180.39500427246094,94221,0.0,0.0
2024-01-05 15:10:00-05:00,180.39500427246094,180.51950073242188,180.38499450683594,180.5050048828125,115264,0.0,0.0
2024-01-05 15:11:00-05:00,180.50999450683594,180.52499389648438,180.44000244140625,180.48500061035156,99812,0.0,0.0
2024-01-05 15:12:00-05:00,180.47999572753906,180.5500030517578,180.47999572753906,180.53500366210938,100682,0.0,0.0
2024-01-05 15:13:00-05:00,180.52000427246094,180.5800018310547,180.47000122070312,180.5399932861328,124285,0.0,0.0
2024-01-05 15:14:00-05:00,180.5301055908203,180.53500366210938,180.42999267578125,180.44500732421875,105270,0.0,0.0
2024-01-05 15:15:00-05:00,180.44000244140625,180.45799255371094,180.32000732421875,180.33999633789062,157166,0.0,0.0
2024-01-05 15:16:00-05:00,180.33999633789062,180.42990112304688,180.3300018310547,180.39320373535156,76843,0.0,0.0
2024-01-05 15:17:00-05:00,180.38999938964844,180.38999938964844,180.31500244140625,180.34500122070312,107984,0.0,0.0
2024-01-05 15:18:00-05:00,180.35000610351562,180.47500610351562,180.35000610351562,180.43499755859375,184026,0.0,0.0
2024-01-05 15:19:00-05:00,180.42999267578125,180.47000122070312,180.38999938964844,180.40499877929688,132758,0.0,0.0
2024-01-05 15:20:00-05:00,180.40499877929688,180.4499969482422,180.36000061035156,180.36000061035156,84315,0.0,0.0
2024-01-05 15:21:00-05:00,180.36199951171875,180.36199951171875,180.22000122070312,180.23500061035156,207023,0.0,0.0
2024-01-05 15:22:00-05:00,180.2301025390625,180.3699951171875,180.17999267578125,180.36000061035156,197194,0.0,0.0
2024-01-05 15:23:00-05:00,180.34500122070312,180.3800048828125,180.3000030517578,180.36500549316406,62990,0.0,0.0
2024-01-05 15:24:00-05:00,180.3699951171875,180.3701934814453,180.32000732421875,180.36500549316406,78074,0.0,0.0
2024-01-05 15:25:00-05:00,180.36500549316406,180.3800048828125,180.2899932861328,180.34500122070312,82918,0.0,0.0
2024-01-05 15:26:00-05:00,180.33999633789062,180.3800048828125,180.3300018310547,180.35000610351562,94065,0.0,0.0
2024-01-05 15:27:00-05:00,180.35000610351562,180.40499877929688,180.2899932861328,180.3000030517578,96372,0.0,0.0
2024-01-05 15:28:00-05:00,180.3000030517578,180.3350067138672,180.22000122070312,180.28500366210938,117941,0.0,0.0
2024-01-05 15:29:00-05:00,180.28500366210938,180.30999755859375,180.1699981689453,180.27999877929688,181617,0.0,0.0
2024-01-05 15:30:00-05:00,180.2799072265625,180.33999633789062,180.25999450683594,180.32009887695312,161219,0.0,0.0
2024-01-05 15:31:00-05:00,180.32000732421875,180.37989807128906,180.27000427246094,180.375,146142,0.0,0.0
2024-01-05 15:32:00-05:00,180.3699951171875,180.40499877929688,180.25,180.30999755859375,182013,0.0,0.0
2024-01-05 15:33:00-05:00,180.32000732421875,180.33999633789062,180.23809814453125,180.30999755859375,163177,0.0,0.0
2024-01-05 15:34:00-05:00,180.30999755859375,180.4250030517578,180.3000030517578,180.41189575195312,109610,0.0,0.0
2024-01-05 15:35:00-05:00,180.4199981689453,180.52999877929688,180.4149932861328,180.52999877929688,203696,0.0,0.0
2024-01-05 15:36:00-05:00,180.52499389648438,180.5399932861328,180.4499969482422,180.4949951171875,111817,0.0,0.0
2024-01-05 15:37:00-05:00,180.4915008544922,180.5,180.36000061035156,180.3800048828125,137084,0.0,0.0
2024-01-05 15:38:00-05:00,180.3800048828125,180.5050048828125,180.3800048828125,180.49000549316406,123197,0.0,0.0
2024-01-05 15:39:00-05:00,180.49899291992188,180.53500366210938,180.4700927734375,180.53500366210938,118694,0.0,0.0
2024-01-05 15:40:00-05:00,180.53500366210938,180.5449981689453,180.49009704589844,180.51980590820312,149893,0.0,0.0
2024-01-05 15:41:00-05:00,180.51499938964844,180.5800018310547,180.50999450683594,180.57980346679688,154407,0.0,0.0
2024-01-05 15:42:00-05:00,180.57000732421875,180.6300048828125,180.5699005126953,180.62950134277344,150368,0.0,0.0
2024-01-05 15:43:00-05:00,180.6300048828125,180.63999938964844,180.5399932861328,180.6116943359375,171690,0.0,0.0
2024-01-05 15:44:00-05:00,180.61500549316406,180.6999969482422,180.59500122070312,180.69729614257812,133638,0.0,0.0
2024-01-05 15:45:00-05:00,180.6999969482422,180.8000030517578,180.6999969482422,180.76499938964844,183708,0.0,0.0
2024-01-05 15:46:00-05:00,180.76499938964844,180.78500366210938,180.69000244140625,180.76010131835938,157035,0.0,0.0
2024-01-05 15:47:00-05:00,180.75999450683594,180.7899932861328,180.6999969482422,180.70880126953125,152432,0.0,0.0
2024-01-05 15:48:00-05:00,180.70889282226562,180.77999877929688,180.67999267578125,180.7698974609375,133339,0.0,0.0
2024-01-05 15:49:00-05:00,180.77000427246094,180.85769653320312,180.69000244140625,180.85000610351562,146894,0.0,0.0
2024-01-05 15:50:00-05:00,180.85000610351562,180.94000244140625,180.8000030517578,180.87010192871094,206570,0.0,0.0
2024-01-05 15:51:00-05:00,180.875,180.91000366210938,180.8300018310547,180.86000061035156,174238,0.0,0.0
2024-01-05 15:52:00-05:00,180.86500549316406,180.94000244140625,180.86500549316406,180.88499450683594,227785,0.0,0.0
2024-01-05 15:53:00-05:00,180.88499450683594,180.92999267578125,180.7899932861328,180.8144989013672,205383,0.0,0.0
2024-01-05 15:54:00-05:00,180.8105010986328,181.2100067138672,180.8105010986328,181.1199951171875,511557,0.0,0.0
2024-01-05 15:55:00-05:00,181.11500549316406,181.25999450683594,181.10000610351562,181.14500427246094,366249,0.0,0.0
2024-01-05 15:56:00-05:00,181.13999938964844,181.14990234375,181.05999755859375,181.05999755859375,267284,0.0,0.0
2024-01-05 15:57:00-05:00,181.06500244140625,181.10000610351562,181.02999877929688,181.0800018310547,380871,0.0,0.0
2024-01-05 15:58:00-05:00,181.0800018310547,181.17999267578125,181.0749969482422,181.16000366210938,438493,0.0,0.0
2024-01-05 15:59:00-05:00,181.1649932861328,181.19000244140625,181.00999450683594,181.1699981689453,1006989,0.0,0.0
